{"_id":{"$oid":"6099c53e3ee2c947b544a84d"},"likes":[{"$oid":"6099c61a3ee2c947b544a851"},{"$oid":"6099c6683ee2c947b544a854"}],"text":"Hey everybody, excited to be here!","author":{"$oid":"6099c53e3ee2c947b544a84c"},"created":{"$date":"2021-05-10T23:43:58.746Z"},"comments":[{"_id":{"$oid":"6099c6463ee2c947b544a853"},"text":"Hey Alice!","author":{"$oid":"6099c61a3ee2c947b544a851"}},{"_id":{"$oid":"6099c6f83ee2c947b544a857"},"text":"Welcome :) ","author":{"$oid":"6099c6683ee2c947b544a854"}}],"__v":0,"createdAt":{"$date":"2021-05-10T23:43:58.749Z"},"updatedAt":{"$date":"2021-05-10T23:51:20.875Z"}}
{"_id":{"$oid":"6099c58b3ee2c947b544a84f"},"likes":[{"$oid":"6099c6683ee2c947b544a854"},{"$oid":"6099c53e3ee2c947b544a84c"}],"text":"Hey where can I find the documentation for the React Bootstrap components?","author":{"$oid":"6099c5713ee2c947b544a84e"},"created":{"$date":"2021-05-10T23:45:15.269Z"},"comments":[{"_id":{"$oid":"6099c6dc3ee2c947b544a856"},"text":"Al the components are listed here: https://react-bootstrap.github.io/components/alerts/","author":{"$oid":"6099c6683ee2c947b544a854"}}],"createdAt":{"$date":"2021-05-10T23:45:15.27Z"},"updatedAt":{"$date":"2021-05-11T00:16:00.522Z"},"__v":0}
{"_id":{"$oid":"6099c5a83ee2c947b544a850"},"likes":[{"$oid":"6099c61a3ee2c947b544a851"}],"text":"What does the populate query do in node?","author":{"$oid":"6099c5713ee2c947b544a84e"},"created":{"$date":"2021-05-10T23:45:44.225Z"},"comments":[{"_id":{"$oid":"6099cce1211380509e2869bd"},"text":"When you query a referenced object, you have to use populate to actually retrieve the nested values","author":{"$oid":"6099c53e3ee2c947b544a84c"}},{"_id":{"$oid":"6099ccec211380509e2869be"},"text":"https://mongoosejs.com/docs/populate.html","author":{"$oid":"6099c53e3ee2c947b544a84c"}},{"_id":{"$oid":"6099cd43211380509e2869c1"},"text":"Message me in slack if you're stuck!","author":{"$oid":"6099c53e3ee2c947b544a84c"}}],"createdAt":{"$date":"2021-05-10T23:45:44.225Z"},"updatedAt":{"$date":"2021-05-11T00:18:11.386Z"},"__v":0}
{"_id":{"$oid":"6099c6343ee2c947b544a852"},"likes":[{"$oid":"6099c6683ee2c947b544a854"},{"$oid":"6099c53e3ee2c947b544a84c"}],"text":"What's a \"toast\"?? How can I create one?","author":{"$oid":"6099c61a3ee2c947b544a851"},"created":{"$date":"2021-05-10T23:48:04.06Z"},"comments":[{"_id":{"$oid":"6099c69c3ee2c947b544a855"},"text":"A toast is a notification that you can create through bootstrap!  https://react-bootstrap.github.io/components/toasts/","author":{"$oid":"6099c6683ee2c947b544a854"}},{"_id":{"$oid":"6099c71f3ee2c947b544a858"},"text":"You'll have to import it to use it, import { toast } from 'react-toastify'","author":{"$oid":"6099c6683ee2c947b544a854"}},{"_id":{"$oid":"6099c7373ee2c947b544a859"},"text":"Then you can post something! toast.error('This is an error toast!');","author":{"$oid":"6099c6683ee2c947b544a854"}},{"_id":{"$oid":"6099cd22211380509e2869c0"},"text":"I'll take some jam with that toast...","author":{"$oid":"6099c53e3ee2c947b544a84c"}}],"createdAt":{"$date":"2021-05-10T23:48:04.061Z"},"updatedAt":{"$date":"2021-05-11T00:17:38.146Z"},"__v":0}
{"_id":{"$oid":"6099cca9211380509e2869bc"},"likes":[{"$oid":"6099c53e3ee2c947b544a84c"}],"text":"Did anyone get the password reset flow working?  I'm so close!","author":{"$oid":"6099c6683ee2c947b544a854"},"created":{"$date":"2021-05-11T00:15:37.872Z"},"comments":[],"createdAt":{"$date":"2021-05-11T00:15:37.874Z"},"updatedAt":{"$date":"2021-05-11T00:16:02.52Z"},"__v":0}
{"_id":{"$oid":"6099cd07211380509e2869bf"},"likes":[],"text":"I'm finally getting the hang of this!  React can be pretty fun\n","author":{"$oid":"6099c53e3ee2c947b544a84c"},"created":{"$date":"2021-05-11T00:17:11.298Z"},"comments":[],"createdAt":{"$date":"2021-05-11T00:17:11.299Z"},"updatedAt":{"$date":"2021-05-11T00:17:11.299Z"},"__v":0}
